<?xml version="1.0" encoding="UTF-8" standalone="yes"?>
<addon id="plugin.video.Yoga" name="[COLOR red]Yoga[/COLOR]"	version="0.0.1"	provider-name="Sergi"> 
  <requires>
    <import addon="script.module.six" />
  </requires>
  <extension point="xbmc.python.pluginsource" library="pulse.py">
    <provides>video</provides>
  </extension>
  <extension point="xbmc.addon.metadata">
    <summary lang="en">Yoga</summary>
    <description lang="en">Yoga Videos from YouTube. You need YouTube Addon and setup your API KEY on the Youtube Addon or Duff-You addon (no need API KEY). You can change the addon to use in Settings (YouTube or Duff-You). Thanks to Iron Butterfly, TitanKodi and Bad-Max from "Aprendiendo Kodi" group Telegram. If you want collaborate, join to the "Metal on Metal Kodi Addon" Telegram Goup.</description>   
    <platform>all</platform>
    <assets>
        <icon>icon.png</icon>
    </assets>
  </extension>
</addon>
